[{"id":"user-image-360_F_190740938_qPxzPPfMGQlif3qOLy3qtj8yWWt25VQm.jpg","publicUrl":"np://user.desktop.nicepage.com/Site_1176116566/images/360_F_190740938_qPxzPPfMGQlif3qOLy3qtj8yWWt25VQm.jpg","size":18533,"hash":"udM6XAs2xWpW7i7yA5A5uI90DBE=","fileName":"360_F_190740938_qPxzPPfMGQlif3qOLy3qtj8yWWt25VQm.jpg","name":"360_F_190740938_qPxzPPfMGQlif3qOLy3qtj8yWWt25VQm","width":360,"height":360,"thumbnail":{"url":"np://user.desktop.nicepage.com/Site_1176116566/images/thumbnails/360_F_190740938_qPxzPPfMGQlif3qOLy3qtj8yWWt25VQm.jpg","width":250,"height":250},"folderId":null,"usages":["270716431"]},{"id":"user-image-photo-1627398242454-45a1465c2479.jpg","publicUrl":"np://user.desktop.nicepage.com/Site_1176116566/images/photo-1627398242454-45a1465c2479.jpg","size":104129,"hash":"IxaP6PocjF143gu0AC6RsmzeAXY=","fileName":"photo-1627398242454-45a1465c2479.jpg","name":"photo-1627398242454-45a1465c2479","width":1000,"height":750,"thumbnail":{"url":"np://user.desktop.nicepage.com/Site_1176116566/images/thumbnails/photo-1627398242454-45a1465c2479.jpg","width":250,"height":188},"folderId":null,"usages":["270716431"]},{"id":"user-image-1007975.png","publicUrl":"np://user.desktop.nicepage.com/Site_1176116566/images/1007975.png","size":2846,"hash":"UHP6BzkG18i+4YgGseOBoBGRfFM=","fileName":"1007975.png","name":"1007975","width":128,"height":128,"thumbnail":{"url":"np://user.desktop.nicepage.com/Site_1176116566/images/thumbnails/1007975.png","width":128,"height":128,"length":2846,"type":"png"},"folderId":null,"usages":["270716431"]},{"id":"user-image-191.png","publicUrl":"np://user.desktop.nicepage.com/Site_1176116566/images/191.png","size":788,"hash":"VfEYqNKvmj3rf7G5/KvFEQxLYZk=","fileName":"191.png","name":"191","width":128,"height":128,"thumbnail":{"url":"np://user.desktop.nicepage.com/Site_1176116566/images/thumbnails/191.png","width":128,"height":128,"length":788,"type":"png"},"folderId":null,"usages":["270716431"]},{"id":"user-image-negative-space-busy-hands-typing-in-flatlay.jpg","publicUrl":"np://user.desktop.nicepage.com/Site_1176116566/images/negative-space-busy-hands-typing-in-flatlay.jpg","size":1643794,"hash":"HJiTZioOYTfPOyJ3KuulipZgJAY=","fileName":"negative-space-busy-hands-typing-in-flatlay.jpg","name":"negative-space-busy-hands-typing-in-flatlay","width":4460,"height":2973,"thumbnail":{"url":"np://user.desktop.nicepage.com/Site_1176116566/images/thumbnails/negative-space-busy-hands-typing-in-flatlay.jpg","width":250,"height":167},"folderId":null,"usages":["270716431"]},{"id":"user-image-physics-concepts-blackboard-urhzk2ao3nsor77x.jpg","publicUrl":"np://user.desktop.nicepage.com/Site_1176116566/images/physics-concepts-blackboard-urhzk2ao3nsor77x.jpg","size":160132,"hash":"nfCwlO0XlRub47fmqK6NhWfvRYQ=","fileName":"physics-concepts-blackboard-urhzk2ao3nsor77x.jpg","name":"physics-concepts-blackboard-urhzk2ao3nsor77x","width":1920,"height":1080,"thumbnail":{"url":"np://user.desktop.nicepage.com/Site_1176116566/images/thumbnails/physics-concepts-blackboard-urhzk2ao3nsor77x.jpg","width":250,"height":141},"folderId":null,"usages":["270716431"]},{"id":"user-image-prototype.png","publicUrl":"np://user.desktop.nicepage.com/Site_1176116566/images/prototype.png","size":39109,"hash":"pDHw8jsLX8jnbLltVeM9S/mFdSo=","fileName":"prototype.png","name":"prototype","width":512,"height":512,"thumbnail":{"url":"np://user.desktop.nicepage.com/Site_1176116566/images/thumbnails/prototype.png","width":250,"height":250},"folderId":null,"usages":[]},{"id":"user-image-math-on-dark-green-board-with-many-solution.jpg","publicUrl":"np://user.desktop.nicepage.com/Site_1176116566/images/math-on-dark-green-board-with-many-solution.jpg","size":293957,"hash":"v4BcgNwnKz5elT8Haz63NKmmPjM=","fileName":"math-on-dark-green-board-with-many-solution.jpg","name":"math-on-dark-green-board-with-many-solution","width":1300,"height":866,"thumbnail":{"url":"np://user.desktop.nicepage.com/Site_1176116566/images/thumbnails/math-on-dark-green-board-with-many-solution.jpg","width":250,"height":167},"folderId":null,"usages":["270716431"]}]