[{"id":946716866,"title":"Blog Template","order":1,"templateKey":"blog","customTemplate":false,"customTemplateFilename":null,"pageLinks":["6","5","4"],"dateCreated":"2023-09-29T07:01:03.522Z","dateUpdated":"2023-09-29T09:03:22.914Z","folderId":null,"pageName":"Blog Template","serverPageId":null,"status":2},{"id":656121939,"title":"Post Template","order":2,"templateKey":"post","customTemplate":false,"customTemplateFilename":null,"pageLinks":[],"dateCreated":"2023-09-29T07:01:03.723Z","dateUpdated":"2023-09-29T07:01:05.227Z","folderId":null,"pageName":"Post Template","serverPageId":null,"status":2},{"id":2423425452,"title":"Product List Template","order":3,"templateKey":"products","customTemplate":false,"customTemplateFilename":null,"pageLinks":[],"dateCreated":"2023-09-29T07:01:03.902Z","dateUpdated":"2023-09-29T07:01:05.238Z","folderId":null,"pageName":"Product List Template","serverPageId":null,"status":2},{"id":172640113,"title":"Product Details Template","order":4,"templateKey":"product","customTemplate":false,"customTemplateFilename":null,"pageLinks":[],"dateCreated":"2023-09-29T07:01:04.073Z","dateUpdated":"2023-09-29T09:03:27.249Z","folderId":null,"pageName":"Product Details Template","serverPageId":null,"status":2},{"id":168720277,"title":"Shopping Cart Template","order":5,"templateKey":"cart","customTemplate":false,"customTemplateFilename":null,"pageLinks":[],"dateCreated":"2023-09-29T07:01:04.211Z","dateUpdated":"2023-09-29T07:01:05.300Z","folderId":null,"pageName":"Shopping Cart Template","serverPageId":null,"status":2},{"id":63354172,"title":"Checkout Template","order":6,"templateKey":"checkout","customTemplate":false,"customTemplateFilename":null,"pageLinks":[],"dateCreated":"2023-09-29T07:01:04.423Z","dateUpdated":"2023-09-29T07:01:05.311Z","folderId":null,"pageName":"Checkout Template","serverPageId":null,"status":2},{"id":144188940,"title":"Login Template","order":7,"templateKey":"login","customTemplate":false,"customTemplateFilename":null,"pageLinks":[],"dateCreated":"2023-09-29T07:01:04.539Z","dateUpdated":"2023-09-29T07:01:05.322Z","folderId":null,"pageName":"Login Template","serverPageId":null,"status":2},{"id":691002833,"title":"Page Password Template","order":8,"templateKey":"password","customTemplate":false,"customTemplateFilename":null,"pageLinks":[],"dateCreated":"2023-09-29T07:01:04.618Z","dateUpdated":"2023-09-29T07:01:05.334Z","folderId":null,"pageName":"Page Password Template","serverPageId":null,"status":2},{"id":984929149,"title":"404 Not Found Template","order":9,"templateKey":"404","customTemplate":false,"customTemplateFilename":null,"pageLinks":[],"dateCreated":"2023-09-29T07:01:04.698Z","dateUpdated":"2023-09-29T07:01:05.345Z","folderId":null,"pageName":"404 Not Found Template","serverPageId":null,"status":2},{"id":63613547,"title":"Thank You Page Template","order":10,"templateKey":"ThankYou","customTemplate":false,"customTemplateFilename":null,"pageLinks":[],"dateCreated":"2023-09-29T07:01:04.765Z","dateUpdated":"2023-09-29T07:01:05.356Z","folderId":null,"pageName":"Thank You Page Template","serverPageId":null,"status":2},{"id":270716431,"title":"Home","order":50,"templateKey":null,"customTemplate":false,"customTemplateFilename":null,"pageLinks":[],"dateCreated":"2023-09-29T07:01:23.134Z","dateUpdated":"2023-09-29T11:38:14.549Z","folderId":null,"pageName":"Home_270716431","serverPageId":null,"status":2}]